"id","group","metaboliser","vigilance"
"C18","Caffeine 200 mg","Fast",67.2
"C09","Caffeine 200 mg","Fast",77.8
"C19","Caffeine 200 mg","Fast",73.8
"C37","Caffeine 200 mg","Slow",62.7
"C34","Caffeine 200 mg","Slow",44.9
"C38","Caffeine 200 mg","Slow",54.1
"P14","Placebo",NA,58.2
"C13","Caffeine 200 mg","Fast",67.4
"C40","Caffeine 200 mg","Slow",54.7
"P38","Placebo",NA,52.9
"C04","Caffeine 200 mg","Fast",74.8
"P02","Placebo",NA,51.4
"C33","Caffeine 200 mg","Slow",58.1
"P31","Placebo",NA,55.8
"C28","Caffeine 200 mg","Slow",56.9
"P34","Placebo",NA,62.7
"C16","Caffeine 200 mg","Fast",71.6
"P06","Placebo",NA,39.9
"C07","Caffeine 200 mg","Fast",77.3
"P23","Placebo",NA,48.9
"C24","Caffeine 200 mg","Slow",48.3
"P17","Placebo",NA,64.9
"P29","Placebo",NA,65.2
"C30","Caffeine 200 mg","Slow",50.9
"P04","Placebo",NA,59.3
"P36","Placebo",NA,69.3
"P24","Placebo",NA,71.7
"P35","Placebo",NA,61.5
"P11","Placebo",NA,56.7
"P22","Placebo",NA,58.7
"C08","Caffeine 200 mg","Fast",70.6
"C23","Caffeine 200 mg","Slow",48.8
"C11","Caffeine 200 mg","Fast",66
"C31","Caffeine 200 mg","Slow",53.1
"P33","Placebo",NA,58
"C32","Caffeine 200 mg","Slow",50
"C20","Caffeine 200 mg","Fast",67
"P19","Placebo",NA,53.6
"P03","Placebo",NA,61.1
"P05","Placebo",NA,54.7
"C39","Caffeine 200 mg","Slow",47.9
"C03","Caffeine 200 mg","Fast",65.8
"P15","Placebo",NA,39.6
"P10","Placebo",NA,56.2
"P40","Placebo",NA,53.4
"P18","Placebo",NA,61.7
"P32","Placebo",NA,61.3
"P16","Placebo",NA,70.8
"C26","Caffeine 200 mg","Slow",48.4
"C17","Caffeine 200 mg","Fast",65.6
"P30","Placebo",NA,73.8
"P39","Placebo",NA,64.6
"C15","Caffeine 200 mg","Fast",69.1
"P12","Placebo",NA,54.2
"C10","Caffeine 200 mg","Fast",75.6
"P01","Placebo",NA,64.2
"C01","Caffeine 200 mg","Fast",66.1
"P28","Placebo",NA,60.5
"C27","Caffeine 200 mg","Slow",39.2
"C36","Caffeine 200 mg","Slow",44.1
"P13","Placebo",NA,58.2
"C29","Caffeine 200 mg","Slow",44
"C25","Caffeine 200 mg","Slow",39.6
"C06","Caffeine 200 mg","Fast",81.5
"P21","Placebo",NA,57.4
"C35","Caffeine 200 mg","Slow",52.7
"C05","Caffeine 200 mg","Fast",68
"P09","Placebo",NA,60.9
"P08","Placebo",NA,51.8
"P25","Placebo",NA,60.4
"P07","Placebo",NA,54.1
"P20","Placebo",NA,65.5
"C22","Caffeine 200 mg","Fast",74
"P37","Placebo",NA,64.7
"C12","Caffeine 200 mg","Fast",71.8
"C14","Caffeine 200 mg","Fast",75.7
"C21","Caffeine 200 mg","Fast",72.2
"P27","Placebo",NA,73.8
"C02","Caffeine 200 mg","Fast",77.7
"P26","Placebo",NA,75.3
